#
# Apache/PHP/Drupal settings:
#

# Protect files and directories from prying eyes.
<FilesMatch "\.(engine|inc|install|make|module|profile|po|sh|.*sql|theme|twig|tpl(\.php)?|xtmpl|yml)(~|\.sw[op]|\.bak|\.orig|\.save)?$|^(\.(?!well-known).*|Entries.*|Repository|Root|Tag|Template|composer\.(json|lock))$|^#.*#$|\.php(~|\.sw[op]|\.bak|\.orig|\.save)$">
  <IfModule mod_authz_core.c>
    Require all denied
  </IfModule>
  <IfModule !mod_authz_core.c>
    Order allow,deny
  </IfModule>
</FilesMatch>

# Don't show directory listings for URLs which map to a directory.
Options -Indexes

# Set the default handler.
DirectoryIndex index.php index.html index.htm

# Add correct encoding for SVGZ.
AddType image/svg+xml svg svgz
AddEncoding gzip svgz

# Most of the following PHP settings cannot be changed at runtime. See
# sites/default/default.settings.php and
# Drupal\Core\DrupalKernel::bootEnvironment() for settings that can be
# changed at runtime.

# PHP 5, Apache 1 and 2.
<IfModule mod_php5.c>
  php_value assert.active                   0
  php_flag session.auto_start               off
  php_value mbstring.http_input             pass
  php_value mbstring.http_output            pass
  php_flag mbstring.encoding_translation    off
  # PHP 5.6 has deprecated $HTTP_RAW_POST_DATA and produces warnings if this is
  # not set.
  php_value always_populate_raw_post_data   -1
</IfModule>

# Requires mod_expires to be enabled.
<IfModule mod_expires.c>
  # Enable expirations.
  ExpiresActive On

  # Cache all files for 2 weeks after access (A).
  ExpiresDefault A1209600

  <FilesMatch \.php$>
    # Do not allow PHP scripts to be cached unless they explicitly send cache
    # headers themselves. Otherwise all scripts would have to overwrite the
    # headers set by mod_expires if they want another caching behavior. This may
    # fail if an error occurs early in the bootstrap process, and it may cause
    # problems if a non-Drupal PHP file is installed in a subdirectory.
    ExpiresActive Off
  </FilesMatch>
</IfModule>

# Set a fallback resource if mod_rewrite is not enabled. This allows Drupal to
# work without clean URLs. This requires Apache version >= 2.2.16. If Drupal is
# not accessed by the top level URL (i.e.: http://example.com/drupal/ instead of
# http://example.com/), the path to index.php will need to be adjusted.
<IfModule !mod_rewrite.c>
  FallbackResource /index.php
</IfModule>

# Various rewrite rules.
<IfModule mod_rewrite.c>
  RewriteEngine on
  
  ### Добавленное, начало
  
  # склеиваем зеркала
  RewriteCond %{HTTP_HOST} ^www\.(.*) [NC]
  RewriteRule ^(.*)$ http://%1/$1 [R=301,L]

  ### Добавленное, конец
  

  # Set "protossl" to "s" if we were accessed via https://.  This is used later
  # if you enable "www." stripping or enforcement, in order to ensure that
  # you don't bounce between http and https.
  RewriteRule ^ - [E=protossl]
  RewriteCond %{HTTPS} on
  RewriteRule ^ - [E=protossl:s]

  # Make sure Authorization HTTP header is available to PHP
  # even when running as CGI or FastCGI.
  RewriteRule ^ - [E=HTTP_AUTHORIZATION:%{HTTP:Authorization}]

  # Block access to "hidden" directories whose names begin with a period. This
  # includes directories used by version control systems such as Subversion or
  # Git to store control files. Files whose names begin with a period, as well
  # as the control files used by CVS, are protected by the FilesMatch directive
  # above.
  #
  # NOTE: This only works when mod_rewrite is loaded. Without mod_rewrite, it is
  # not possible to block access to entire directories from .htaccess because
  # <DirectoryMatch> is not allowed here.
  #
  # If you do not have mod_rewrite installed, you should remove these
  # directories from your webroot or otherwise protect them from being
  # downloaded.
  RewriteRule "/\.|^\.(?!well-known/)" - [F]

  # If your site can be accessed both with and without the 'www.' prefix, you
  # can use one of the following settings to redirect users to your preferred
  # URL, either WITH or WITHOUT the 'www.' prefix. Choose ONLY one option:
  #
  # To redirect all users to access the site WITH the 'www.' prefix,
  # (http://example.com/foo will be redirected to http://www.example.com/foo)
  # uncomment the following:
  # RewriteCond %{HTTP_HOST} .
  # RewriteCond %{HTTP_HOST} !^www\. [NC]
  # RewriteRule ^ http%{ENV:protossl}://www.%{HTTP_HOST}%{REQUEST_URI} [L,R=301]
  #
  # To redirect all users to access the site WITHOUT the 'www.' prefix,
  # (http://www.example.com/foo will be redirected to http://example.com/foo)
  # uncomment the following:
  # RewriteCond %{HTTP_HOST} ^www\.(.+)$ [NC]
  # RewriteRule ^ http%{ENV:protossl}://%1%{REQUEST_URI} [L,R=301]

  # Modify the RewriteBase if you are using Drupal in a subdirectory or in a
  # VirtualDocumentRoot and the rewrite rules are not working properly.
  # For example if your site is at http://example.com/drupal uncomment and
  # modify the following line:
  # RewriteBase /drupal
  #
  # If your site is running in a VirtualDocumentRoot at http://example.com/,
  # uncomment the following line:
  # RewriteBase /

  # Redirect common PHP files to their new locations.
  RewriteCond %{REQUEST_URI} ^(.*)?/(install.php) [OR]
  RewriteCond %{REQUEST_URI} ^(.*)?/(rebuild.php)
  RewriteCond %{REQUEST_URI} !core
  RewriteRule ^ %1/core/%2 [L,QSA,R=301]

  # Rewrite install.php during installation to see if mod_rewrite is working
  RewriteRule ^core/install.php core/install.php?rewrite=ok [QSA,L]

  # Pass all requests not referring directly to files in the filesystem to
  # index.php.
  RewriteCond %{REQUEST_FILENAME} !-f
  RewriteCond %{REQUEST_FILENAME} !-d
  RewriteCond %{REQUEST_URI} !=/favicon.ico
  RewriteRule ^ index.php [L]

  # For security reasons, deny access to other PHP files on public sites.
  # Note: The following URI conditions are not anchored at the start (^),
  # because Drupal may be located in a subdirectory. To further improve
  # security, you can replace '!/' with '!^/'.
  # Allow access to PHP files in /core (like authorize.php or install.php):
  RewriteCond %{REQUEST_URI} !/core/[^/]*\.php$
  # Allow access to test-specific PHP files:
  RewriteCond %{REQUEST_URI} !/core/modules/system/tests/https?.php
  # Allow access to Statistics module's custom front controller.
  # Copy and adapt this rule to directly execute PHP files in contributed or
  # custom modules or to run another PHP application in the same directory.
  RewriteCond %{REQUEST_URI} !/core/modules/statistics/statistics.php$
  # Deny access to any other PHP files that do not match the rules above.
  # Specifically, disallow autoload.php from being served directly.
  RewriteRule "^(.+/.*|autoload)\.php($|/)" - [F]

  # Rules to correctly serve gzip compressed CSS and JS files.
  # Requires both mod_rewrite and mod_headers to be enabled.
  <IfModule mod_headers.c>
    # Serve gzip compressed CSS files if they exist and the client accepts gzip.
    RewriteCond %{HTTP:Accept-encoding} gzip
    RewriteCond %{REQUEST_FILENAME}\.gz -s
    RewriteRule ^(.*)\.css $1\.css\.gz [QSA]

    # Serve gzip compressed JS files if they exist and the client accepts gzip.
    RewriteCond %{HTTP:Accept-encoding} gzip
    RewriteCond %{REQUEST_FILENAME}\.gz -s
    RewriteRule ^(.*)\.js $1\.js\.gz [QSA]

    # Serve correct content types, and prevent mod_deflate double gzip.
    RewriteRule \.css\.gz$ - [T=text/css,E=no-gzip:1]
    RewriteRule \.js\.gz$ - [T=text/javascript,E=no-gzip:1]

    <FilesMatch "(\.js\.gz|\.css\.gz)$">
      # Serve correct encoding type.
      Header set Content-Encoding gzip
      # Force proxies to cache gzipped & non-gzipped css/js files separately.
      Header append Vary Accept-Encoding
    </FilesMatch>
  </IfModule>
</IfModule>

# Various header fixes.
<IfModule mod_headers.c>
  # Disable content sniffing, since it's an attack vector.
  Header always set X-Content-Type-Options nosniff
  # Disable Proxy header, since it's an attack vector.
  RequestHeader unset Proxy
</IfModule>

########### ссылки со старого сайта на новый:
Redirect 301 /каталог/громкоговорители/звуковые-прожекторы/apart-mp16-g /korpusnye-gromkogovoriteli/mp16
Redirect 301 /каталог/громкоговорители/звуковые-прожекторы/apart-mp26-g /korpusnye-gromkogovoriteli/mp26
Redirect 301 /каталог/громкоговорители/звуковые-прожекторы/apart-mph30-g /korpusnye-gromkogovoriteli/mph31
Redirect 301 /каталог/громкоговорители/потолочные/apart-cm20t /vstraivaemye-gromkogovoriteli/cm20t
Redirect 301 /каталог/громкоговорители/потолочные/apart-cm20t-bl /vstraivaemye-gromkogovoriteli/cm20t?v=23
Redirect 301 /каталог/громкоговорители/потолочные/apart-cm3t /vstraivaemye-gromkogovoriteli/cm3t
Redirect 301 /каталог/громкоговорители/потолочные/apart-cm3t-bl /vstraivaemye-gromkogovoriteli/cm3t?v=25
Redirect 301 /каталог/громкоговорители/потолочные/apart-cm4t /vstraivaemye-gromkogovoriteli/cm4t
Redirect 301 /каталог/громкоговорители/потолочные/apart-cm4t-bl /vstraivaemye-gromkogovoriteli/cm4t?v=28
Redirect 301 /каталог/громкоговорители/потолочные/apart-cm6t /vstraivaemye-gromkogovoriteli/cm6t
Redirect 301 /каталог/громкоговорители/потолочные/apart-cmar5-w /vstraivaemye-gromkogovoriteli/cmar5
Redirect 301 /каталог/громкоговорители/потолочные/apart-cmar6-w /vstraivaemye-gromkogovoriteli/cmar6
Redirect 301 /каталог/громкоговорители/потолочные/apart-cmar8-w /vstraivaemye-gromkogovoriteli/cmar8
Redirect 301 /каталог/громкоговорители/потолочные/apart-cmsub8 /vstraivaemye-gromkogovoriteli/cmsub8
Redirect 301 /каталог/громкоговорители/потолочные/apart-cmx20t /vstraivaemye-gromkogovoriteli/cmx20t
Redirect 301 /каталог/громкоговорители/потолочные/apart-cmx20t-bl /vstraivaemye-gromkogovoriteli/cmx20t?v=66
Redirect 301 /каталог/громкоговорители/сабвуферы/apart-sub2400 	/korpusnye-gromkogovoriteli/sub2400
Redirect 301 /каталог/громкоговорители/сабвуферы/apart-sub2400w /korpusnye-gromkogovoriteli/sub2400?v=230
Redirect 301 /каталог/громкоговорители/сабвуферы/apart-suba165 /korpusnye-gromkogovoriteli/suba165
Redirect 301 /каталог/громкоговорители/сабвуферы/apart-suba165-w /korpusnye-gromkogovoriteli/suba165?v=232
Redirect 301 /каталог/громкоговорители/сабвуферы/apart-sublime-bl /korpusnye-gromkogovoriteli/sublime
Redirect 301 /каталог/громкоговорители/сабвуферы/apart-sublime-w /korpusnye-gromkogovoriteli/sublime?v=234
Redirect 301 /каталог/громкоговорители/серия-mask/apart-mask2-bl /korpusnye-gromkogovoriteli/mask2
Redirect 301 /каталог/громкоговорители/серия-mask/apart-mask2-w /korpusnye-gromkogovoriteli/mask2?v=122
Redirect 301 /каталог/громкоговорители/серия-mask/apart-mask4-bl /korpusnye-gromkogovoriteli/mask4
Redirect 301 /каталог/громкоговорители/серия-mask/apart-mask4-slv /korpusnye-gromkogovoriteli/mask4
Redirect 301 /каталог/громкоговорители/серия-mask/apart-mask4-w /korpusnye-gromkogovoriteli/mask4?v=130
Redirect 301 /каталог/громкоговорители/серия-mask/apart-mask4t-bl /korpusnye-gromkogovoriteli/mask4t
Redirect 301 /каталог/громкоговорители/серия-mask/apart-mask4t-slv /korpusnye-gromkogovoriteli/mask4t
Redirect 301 /каталог/громкоговорители/серия-mask/apart-mask4t-w /korpusnye-gromkogovoriteli/mask4t?v=129
Redirect 301 /каталог/громкоговорители/серия-mask/apart-mask6-bl /korpusnye-gromkogovoriteli/mask6
Redirect 301 /каталог/громкоговорители/серия-mask/apart-mask6-w /korpusnye-gromkogovoriteli/mask6?v=138
Redirect 301 /каталог/громкоговорители/серия-mask/apart-mask6t-bl /korpusnye-gromkogovoriteli/mask6t
Redirect 301 /каталог/громкоговорители/серия-mask/apart-mask6t-w /korpusnye-gromkogovoriteli/mask6t?v=137
Redirect 301 /каталог/громкоговорители/серия-mask/apart-mask8-bl /korpusnye-gromkogovoriteli/mask8
Redirect 301 /каталог/громкоговорители/серия-mask/apart-mask8-w /korpusnye-gromkogovoriteli/mask8?v=142
Redirect 301 /каталог/громкоговорители/серия-mask/apart-mask8f-bl /korpusnye-gromkogovoriteli/mask8f
Redirect 301 /каталог/громкоговорители/серия-mask/apart-mask8f-w /korpusnye-gromkogovoriteli/mask8f?v=141
Redirect 301 /каталог/громкоговорители/серия-mask/apart-masklbl /montazhnoe-oborudovanie/maskl
Redirect 301 /каталог/громкоговорители/серия-mask/apart-masklw /montazhnoe-oborudovanie/maskl?v=144
Redirect 301 /каталог/громкоговорители/серия-mask/apart-maskvbl /montazhnoe-oborudovanie/maskv
Redirect 301 /каталог/громкоговорители/серия-mask/apart-maskvw /montazhnoe-oborudovanie/maskv?v=146	
Redirect 301 /каталог/громкоговорители/серия-mask/apart-maskwbl /montazhnoe-oborudovanie/maskw
Redirect 301 /каталог/громкоговорители/серия-mask/apart-maskww /montazhnoe-oborudovanie/maskw?v=148
Redirect 301 /каталог/громкоговорители/серия-ovo/apart-ovo3-bl /korpusnye-gromkogovoriteli/ovo3
Redirect 301 /каталог/громкоговорители/серия-ovo/apart-ovo3-w /korpusnye-gromkogovoriteli/ovo3?v=168
Redirect 301 /каталог/серия-ovo/apart-ovo3t-bl /korpusnye-gromkogovoriteli/ovo3t
Redirect 301 /каталог/серия-ovo/apart-ovo3t-w /korpusnye-gromkogovoriteli/ovo3t?v=167
Redirect 301 /каталог/громкоговорители/серия-ovo/apart-ovo5-bl /korpusnye-gromkogovoriteli/ovo5
Redirect 301 /каталог/громкоговорители/серия-ovo/apart-ovo5-w /korpusnye-gromkogovoriteli/ovo5?v=174
Redirect 301 /каталог/громкоговорители/серия-ovo/apart-ovo5t-bl /korpusnye-gromkogovoriteli/ovo5t
Redirect 301 /каталог/громкоговорители/серия-sdq/apart-sdq5p-bl /korpusnye-gromkogovoriteli/sdq5p
Redirect 301 /каталог/громкоговорители/серия-sdq/apart-sdq5p-w /korpusnye-gromkogovoriteli/sdq5p?v=215
Redirect 301 /каталог/громкоговорители/серия-sdq/apart-sdq5pir-bl /korpusnye-gromkogovoriteli/sdq5pir
Redirect 301 /каталог/громкоговорители/серия-sdq/apart-sdq5pir-w /korpusnye-gromkogovoriteli/sdq5pir?v=214
Redirect 301 /каталог/громкоговорители/специальные/apart-rock-20 /korpusnye-gromkogovoriteli/rock20
Redirect 301 /каталог/громкоговорители/специальные/apart-rock-608 /korpusnye-gromkogovoriteli/rock608
Redirect 301 /каталог/электроника/источники-аудио-сигнала/apart-pc1000r /istochniki/pc1000rmkii
Redirect 301 /каталог/электроника/источники-аудио-сигнала/apart-pcr3000r /istochniki/pcr3000rmkiii
Redirect 301 /каталог/электроника/источники-аудио-сигнала/apart-pmr4000r /istochniki/pmr4000rmkii
Redirect 301 /каталог/электроника/источники-аудио-сигнала/apart-pr1000r /istochniki/pr1000r
Redirect 301 /каталог/электроника/источники-аудио-сигнала/apart-pr4000r /istochniki/pr4000r
Redirect 301 /каталог/электроника/микшеры-усилители/apart-concept1 /integrirovannye-i-miksher-usiliteli/concept1
Redirect 301 /каталог/электроника/микшеры-усилители/apart-concept1t /integrirovannye-i-miksher-usiliteli/concept1t
Redirect 301 /каталог/электроника/микшеры-усилители/apart-ma247 /integrirovannye-i-miksher-usiliteli/ma247
Redirect 301 /каталог/электроника/предусилители/apart-pm1122 /predusiliteli-i-matricy/pm1122
Redirect 301 /каталог/электроника/предусилители/apart-pm1122int /pulty-i-paneli-upravleniya/pm1122-int
Redirect 301 /каталог/электроника/предусилители/apart-pm1122wr /pulty-i-paneli-upravleniya/pm1122wr
Redirect 301 /каталог/электроника/предусилители/apart-pm7400mkii /predusiliteli-i-matricy/pm7400mkii
Redirect 301 /каталог/электроника/предусилители/apart-zone4 /predusiliteli-i-matricy/zone4
Redirect 301 /каталог/электроника/усилители-мощности/apart-champ-2 /usiliteli-moschnosti/champ-2
Redirect 301 /каталог/электроника/усилители-мощности/apart-champ-3d /usiliteli-moschnosti/champ-3d
Redirect 301 /каталог/электроника/усилители-мощности/apart-champ-4 /usiliteli-moschnosti/champ-4
Redirect 301 /каталог/электроника/усилители-мощности/apart-pa2240bp /usiliteli-moschnosti/pa2240bp
Redirect 301 /каталог/электроника/усилители-мощности/apart-pa240p /usiliteli-moschnosti/pa240p
Redirect 301 /каталог/электроника/усилители-мощности/apart-revamp2250 /usiliteli-moschnosti/revamp2250
Redirect 301 /каталог/электроника/усилители-мощности/apart-revamp2600 /usiliteli-moschnosti/revamp2600
Redirect 301 /каталог/электроника/усилители-мощности/apart-revamp4120t /usiliteli-moschnosti/revamp4120t
Redirect 301 /каталог/электроника/усилители-мощности/apart-revamp4240t /usiliteli-moschnosti/revamp4240t
Redirect 301 /каталог/регуляторы-громкости/в-рэковом-исполнении/apart-19-vol660 /pulty-i-paneli-upravleniya/19-vol660
Redirect 301 /каталог/регуляторы-громкости/встраиваемые/apart-e-vol120 /pulty-i-paneli-upravleniya/e-vol120
Redirect 301 /каталог/регуляторы-громкости/встраиваемые/apart-e-vol20 /pulty-i-paneli-upravleniya/e-vol20
Redirect 301 /каталог/регуляторы-громкости/встраиваемые/apart-e-vol20-bl /pulty-i-paneli-upravleniya/e-vol20
Redirect 301 /каталог/регуляторы-громкости/встраиваемые/apart-e-vol40 /pulty-i-paneli-upravleniya/e-vol40
Redirect 301 /каталог/регуляторы-громкости/встраиваемые/apart-e-vol60 /pulty-i-paneli-upravleniya/e-vol60
Redirect 301 /каталог/регуляторы-громкости/встраиваемые/apart-e-vol60-bl /pulty-i-paneli-upravleniya/e-vol60
Redirect 301 /каталог/регуляторы-громкости/встраиваемые/apart-e-volst /pulty-i-paneli-upravleniya/e-volst
Redirect 301 /каталог/регуляторы-громкости/встраиваемые/apart-e-volst-bl /pulty-i-paneli-upravleniya/e-volst
Redirect 301 /каталог/микрофоны/apart-micpat-2 /mikrofony/micpat-2
Redirect 301 /каталог/микрофоны/apart-micpat-4 /mikrofony/micpat-4
Redirect 301 /каталог/микрофоны/apart-micpat-6 /mikrofony/micpat-6
Redirect 301 /каталог/микрофоны/apart-micpat-d /mikrofony/micpat-d
Redirect 301 /каталог/пульты-и-панели-управления/apart-acp /pulty-i-paneli-upravleniya/acp
Redirect 301 /каталог/пульты-и-панели-управления/apart-concept1-rc /pulty-i-paneli-upravleniya/concept1-rc
Redirect 301 /каталог/пульты-и-панели-управления/apart-pm1122r /pulty-i-paneli-upravleniya/pm1122r
Redirect 301 /каталог/пульты-и-панели-управления/apart-pm1122rl /pulty-i-paneli-upravleniya/pm1122rl
Redirect 301 /каталог/пульты-и-панели-управления/apart-pm1122wbl /pulty-i-paneli-upravleniya/pm1122w
Redirect 301 /каталог/пульты-и-панели-управления/apart-pm1122wslv /pulty-i-paneli-upravleniya/pm1122w
Redirect 301 /каталог/пульты-и-панели-управления/apart-pm1122ww /pulty-i-paneli-upravleniya/pm1122w?v=191
Redirect 301 /каталог/пульты-и-панели-управления/apart-zone4r /pulty-i-paneli-upravleniya/zone4r
Redirect 301 /каталог/пульты-и-панели-управления/apart-bb1 /montazhnoe-oborudovanie/bb1
Redirect 301 /каталог/пульты-и-панели-управления/apart-bb2 /montazhnoe-oborudovanie/bb2
Redirect 301 /каталог/пульты-и-панели-управления/apart-bbi1 /montazhnoe-oborudovanie/bbi1
Redirect 301 /каталог/пульты-и-панели-управления/apart-bbi2 /montazhnoe-oborudovanie/bbi2
Redirect 301 /каталог/трансформаторы-и-преобразователи/apart-buzzstop-mkiii /montazhnoe-oborudovanie/buzzstop-mkiii
Redirect 301 /каталог/трансформаторы-и-преобразователи/apart-concept1t-kit /montazhnoe-oborudovanie/concept1t-kit
Redirect 301 /каталог/трансформаторы-и-преобразователи/apart-t20 /montazhnoe-oborudovanie/t20
Redirect 301 /каталог/трансформаторы-и-преобразователи/apart-t60 /montazhnoe-oborudovanie/t60
